State,Weeknum,Value
Texas,17,29.666666666666668
Texas,19,31.333333333333332
Texas,20,29.5
Texas,21,33.03333333333334
Texas,22,31.399999999999995
Texas,23,34.300000000000004
Texas,24,34.199999999999996
Texas,25,31.3
Texas,26,34.93333333333333
Texas,27,36.06666666666666
Texas,28,39.56666666666667
Texas,29,38.36666666666667
